file,mean,std
1001.dng,527.5936889648438,3.829385757446289
1002.dng,527.6043090820312,3.791757345199585
1003.dng,527.5358276367188,3.795853614807129
