file,mean,std
0001.dng,58067.515625,6959.2763671875
0002.dng,58061.96875,6950.205078125
0003.dng,58050.33203125,6946.96923828125
